district,vote_share,mshare,eshare,rep_inc,mccain,median_age,pct_white,pct_college,med_hhinc,pct_female,cshare_nm,aug_mshare,sep_mshare,oct_mshare,aug_cnnshare,sep_cnnshare,oct_cnnshare,vote_share_12,mshare_12
1,NA,NA,NA,1,61,38.6,67.6,21.4,43.144,51.9,NA,NA,NA,NA,NA,NA,NA,97.85624589,43.47826087
2,51.09377145,26.26262626,27.05882353,0,63,37.7,64.2,19.7,40.419,51.5,0,14.28571429,26.66666667,27.27272727,0,0,0,63.65943677,45.45454545
3,59.4806507,0,0,1,56,36.9,64.3,20.6,37.885,51.4,0,0,0,0,0,0,0,64.10968122,63.93837265
4,NA,NA,NA,1,76,40.9,90.2,12.9,36.842,51.2,NA,NA,NA,NA,NA,NA,NA,74.06548923,77.77777778
5,57.93566975,65.07936508,66.66666667,0,61,39.4,75.7,27,45.419,51,0,40,71.42857143,65,0,0,0,65.0216355,85.18518519
6,NA,NA,NA,1,76,38.2,81.8,33.4,56.151,51.1,NA,NA,NA,NA,NA,NA,NA,71.29799141,92.30769231
7,27.51529806,33.33333333,40,0,27,34.6,34.6,18,30.358,53.5,0,0,0,40,0,0,0,75.89887549,12.5
8,69.32447923,79.41176471,81.25,1,59,33.9,66.8,26.4,67.825,48.4,100,100,63.63636364,82.35294118,1,0,0,69.08281542,98.0952381
9,53.20279747,40.32258065,43.75,0,54,39.8,70.8,20.3,40.264,48.6,100,28.57142857,27.27272727,50,0,0,1,48.05811277,28.23529412
10,67.62879593,27.02702703,30.3030303,1,61,40.7,85.6,22.4,50.121,50.9,0,55.55555556,22.22222222,16.66666667,0,0,0,49.58011375,36.51685393
11,55.9390424,95.94046008,95.84569733,0,57,36.8,85.2,34.9,55.061,50.9,100,97.83001808,86.11111111,92.72727273,1,0,1,38.88947502,7.272727273
12,29.13940846,67.44186047,62.96296296,0,33,28.8,69.9,13.8,31.573,48,0,66.66666667,37.5,75.86206897,0,0,0,70.2000767,94.80519481
13,54.60734305,31.49606299,31.16883117,0,52,36.5,82.8,42.7,56.621,50.8,0,33.33333333,14.70588235,37.97468354,0,0,0,67.19060716,86.66666667
14,69.52330188,55,78.57142857,1,61,35.3,84.1,29.5,54.646,50.8,0,87.5,0,36.36363636,0,0,0,64.78880348,95.76719577
15,46.82344332,60.38863976,58.00711744,0,42,31.9,71.5,15.6,35.657,50,0,55.17241379,44.44444444,64.44444444,0,0,0,18.25748864,66.66666667
16,49.23716245,76.11940299,77.10843373,0,52,41.8,82.5,33,50.311,51.1,0,74.28571429,84.44444444,72.88135593,0,0,0,64.37432016,94.36619718
17,54.36087025,57.89473684,62.96296296,0,59,38.7,80.3,15.2,34.977,50.7,0,55.55555556,80,47.36842105,0,0,0,47.80502846,51.31578947
18,60.20919429,71.60493827,63.79310345,0,54,36.5,73.3,26.9,44.884,51.1,0,71.42857143,63.15789474,74.54545455,0,0,0,58.96321596,92.85714286
19,72.43507554,47.22222222,44.44444444,0,64,35.7,86.4,23,40.502,50.2,0,66.66666667,40,48,0,0,0,61.86697811,83.46456693
20,41.10571535,7.692307692,2.777777778,0,58,40.2,71.1,14.8,34.152,51,0,0,0,12.28070175,0,0,0,NA,NA
21,33.07573486,0,0,0,32,37.4,77,29.7,47.776,50,0,0,0,0,0,0,0,61.86697811,90.625
22,57.15178068,61.11111111,56.25,1,55,38.3,81.5,20,41.912,50.6,0,0,50,77.77777778,0,0,0,57.38257657,55.26315789
23,53.69243175,55.10204082,56.25,1,49,39,70.7,29.8,61.599,50.8,0,33.33333333,80,52,0,0,0,28.75670024,83.33333333
24,66.08650948,68.75,68.75,1,54,42.2,84.9,30.5,59.663,50,0,50,66.66666667,85.71428571,0,0,0,45.76950694,45.16129032
25,25.97007098,99.40718785,99.3733214,0,28,32.8,50.7,24.1,43.644,50.7,100,99.60707269,100,99.12891986,1,0,0,61.10915449,70.58823529
26,30.99684666,50,40,0,22,41.6,79.7,39.9,64.681,50.5,0,33.33333333,75,44.44444444,0,0,0,25.52887669,56.79758308
27,31.74562364,9.259259259,7.843137255,0,27,37,53.9,26.5,58.729,50.6,0,11.11111111,9.090909091,8.695652174,0,0,0,24.94756462,45.83333333
28,15.9071337,8.531521329,8.189880021,0,12,38,50.3,51.5,67.669,48.6,2.332361516,1.851851852,8.753861998,10.43478261,0,0.054347826,0.021276596,48.31845908,69.88416988
29,11.33130831,2.702702703,2.777777778,0,10,36.4,48.8,44.6,56.415,52.1,0,0,0,7.692307692,0,0,0,NA,NA
30,39.14901146,60,46.66666667,0,33,38.6,66.3,39.9,81.13,51.2,0,50,50,72.72727273,0,0,0,44.44590453,69.09090909
31,49.41726884,48.87218045,54.45544554,0,44,36.4,68.4,33.4,71.364,49.9,0,40,53.84615385,49.5412844,0,0,0,52.70818694,8.576998051
32,22.63139951,0,0,0,24,40.3,52.3,44.9,83.121,51.2,0,0,0,0,0,0,0,30.26827243,1.129943503
33,27.81456549,10.31746032,4.347826087,0,24,36.8,37.4,36.8,69.788,50.6,0,1.333333333,11.11111111,26.82926829,0,0,0,14.91614323,1.700753498
34,28.7162831,21.42857143,27.27272727,0,25,38,66.5,57.9,96.364,49.9,0,42.85714286,0,0,0,0,0,NA,NA
35,32.40253999,45.45454545,45.45454545,0,30,36.8,48.3,46.5,85.612,50.2,0,0,66.66666667,25,0,0,0,21.08346271,4.761904762
36,26.373527,0,0,0,29,35.4,49.4,32.7,72.602,49.5,0,0,0,0,0,0,0,NA,NA
37,30.93246466,61.29032258,63.33333333,0,26,33.3,76.4,26.5,55.112,49.3,0,55.55555556,50,75,0,0,0,42.59138691,18
38,41.51594699,15.38461538,15.38461538,0,39,30.3,65,10.8,38.553,49.6,0,0,0,25,0,0,0,26.45528035,56
39,64.74539348,100,100,0,52,34.6,75.6,20,48.035,50.9,0,100,100,100,0,0,0,29.51075401,55.55555556
40,48.29502258,26.41509434,28.57142857,0,39,28.6,61.5,8.5,34.285,46.3,0,0,100,19.04761905,0,0,0,26.76422412,91.60305344
41,NA,NA,NA,1,56,30.6,69.7,18.3,45.368,50.4,NA,NA,NA,NA,NA,NA,NA,25.93144433,94.19642857
42,NA,NA,NA,1,60,34.6,76.7,19.7,52.749,48.6,NA,NA,NA,NA,NA,NA,NA,57.75908774,16.90140845
43,39.42507804,91.10251451,90.75630252,0,32,31.8,76.6,28.9,56.006,50.1,100,89.09090909,95.77464789,84.09090909,1,0,0,61.87967711,57.14285714
44,59.93950086,100,100,1,48,39.8,77.5,34.8,79.495,50.4,0,0,0,100,0,0,0,NA,NA
45,61.8325877,80,75,1,48,31.9,61.7,20.7,57.45,48.8,0,0,75,100,0,0,0,44.90272237,26.24113475
46,59.71080178,86.66666667,84.61538462,1,47,39.2,58.8,38.5,70.662,51.4,0,66.66666667,100,90,0,0,0,54.77882278,48.50498339
47,34.84931923,39.28571429,39.13043478,0,32,36.6,62.1,30.3,59.169,50.3,0,50,80,23.07692308,0,0,0,47.30823877,48.19277108
48,24.37841168,15.78947368,6.666666667,0,22,33.2,67.8,27.7,49.515,49.5,0,0,0,27.27272727,0,0,0,36.02245569,29.41176471
49,33.05410883,32,31.81818182,0,30,40.4,59.1,38.1,56.689,51.6,50,42.85714286,25,20,0,0,1,23.51253086,52
50,33.07681252,11.76470588,15.625,0,28,39.1,76.7,59.6,76.571,51.7,0,0,0,18.51851852,0,0,0,NA,NA
51,16.17948915,96.7032967,96.40718563,0,18,33.8,37.5,19.9,33.594,48.8,0,98.33333333,96.72131148,94.73684211,0,0,0,NA,NA
52,28.95866832,0,0,0,30,34.3,45.3,17.4,50.272,51.1,0,0,0,0,0,0,0,NA,NA
53,13.91881669,0,0,0,12,35.4,35,32.9,40.93,51.2,0,0,0,0,0,0,0,34.2999616,98.35796388
54,22.77073431,72.22222222,76.47058824,0,23,30.6,59,11.9,37.022,49.4,0,33.33333333,87.5,100,0,0,0,NA,NA
55,20.66503897,9.227348527,7.724719101,0,14,31.7,39.2,17.9,37.158,52.3,0,0.701754386,20.2020202,14.72868217,0,0,0,14.38438011,88.12615955
56,36.81448164,35,34.48275862,0,34,37.2,65.7,42.9,66.723,51.3,0,25,75,25,0,0,0,NA,NA
57,25.36491588,86.91588785,86.73469388,0,19,31.2,43.3,19,45.625,51.7,100,100,87.80487805,83.63636364,0,0,1,47.06066051,57.6309795
58,26.54501384,68.18181818,78.94736842,0,27,33,57.5,16.7,51.56,50.3,0,37.5,87.5,100,0,0,0,13.58251941,51.80722892
59,34.00308994,8.695652174,8.333333333,0,32,32.5,43.8,16.3,54.143,51.2,0,0,0,22.22222222,0,0,0,32.45523904,11.11111111
60,66.78873948,100,100,1,51,35.7,59,31.7,68.396,50.5,0,100,100,100,0,0,0,57.78812305,39.02439024
61,63.21699275,99.77375566,99.73890339,1,54,35.6,70.5,19.9,48.063,50.8,100,100,99.85754986,99.27007299,1,1,1,NA,NA
62,66.13221138,89.28571429,88,1,53,38.3,63.6,40.2,85.934,49.6,0,66.66666667,100,89.47368421,0,0,0,41.03226835,30.76923077
63,34.50372255,16.21621622,12.5,0,30,28.1,58.3,9.8,43.983,51.1,0,0,50,16.66666667,0,0,0,66.13221138,11.76470588
64,55.61350677,69.44444444,69.23076923,1,49,32.8,67.4,26.6,67.909,49.8,0,25,71.42857143,76,0,0,0,NA,NA
65,54.99217511,60,66.66666667,1,47,36.1,68.3,21.3,50.001,49.8,0,84.61538462,52,58.69565217,0,0,0,NA,NA
66,62.20891432,57.14285714,66.66666667,1,50,41.5,66,41.2,72.787,50.8,100,0,33.33333333,100,0,0,1,58.45800751,96.14243323
67,42.56985008,32.0754717,30.9352518,0,38,30.3,52.8,13.9,49.013,49.5,50,14.28571429,21.79487179,41.29353234,0,0,1,36.12522111,52.5
68,62.18571807,88.8,89.65517241,1,49,38.7,68.6,54.3,86.397,51.1,100,91.30434783,92.68292683,84.74576271,0,1,1,43.440777,64.81481481
69,66.60328184,97.56097561,97.43589744,1,53,32.4,68.9,20.6,52.073,49,100,93.33333333,96.77419355,100,0,1,0,60.9785819,43.82022472
70,59.2535355,40,40,1,47,38.3,74.4,44.9,72.709,50,100,100,25.71428571,87.5,1,0,0,58.16261134,96.56765677
71,39.94691163,45.2991453,44.44444444,0,35,32.6,60.5,18.6,49.91,50.8,0,29.41176471,43.33333333,54.09836066,0,0,0,67.68979415,95.08196721
72,66.30532972,63.15789474,61.11111111,1,53,38,79.5,33.8,66.368,51.3,0,44.44444444,66.66666667,100,0,0,0,28.52231521,0.262123198
73,35.32061964,4.347826087,4.545454545,0,30,31.5,69.6,38.5,50.736,48.1,0,0,0,16.66666667,0,0,0,48.8185597,37.28813559
74,29.90041037,38.70967742,38.46153846,0,24,33.8,72.3,42.6,46.95,50,0,22.22222222,40,50,0,0,0,38.56850548,38.82352941
75,39.76077291,41.17647059,37.20930233,0,34,34.6,87.4,43.5,62.593,49.3,0,20,28.57142857,55.55555556,0,0,0,28.17960314,40
76,52.00383608,34.95934959,26.02739726,0,50,39.6,88.4,28.1,45.847,49.7,0,16.66666667,25,40.4494382,0,0,0,40.92607644,8.064516129
77,55.92719146,34.67741935,33.33333333,0,50,35.9,90.5,31.3,51.434,49.4,16.66666667,33.33333333,42.85714286,32.46753247,0,0,0.2,56.50666341,57.52212389
78,69.19472264,75,75,1,59,35.8,82.8,33.9,53.486,49.3,0,100,50,77.77777778,0,0,0,61.38464232,34.375
79,67.60812168,87.5,85.71428571,1,53,39.3,88,47.9,81.193,50.7,0,50,88.88888889,100,0,0,0,NA,NA
80,43.86102156,57.69230769,60.6557377,0,40,35,80.1,27.7,51.751,50.1,66.66666667,50,58.33333333,58.33333333,0,0,0.666666667,51.08959894,66.35514019
81,39.17544988,13.33333333,13.33333333,0,33,40.5,72.5,33.6,60.241,52.1,0,0,0,25,0,0,0,43.25186766,66.24203822
82,40.44276481,14.28571429,21.73913043,0,40,41.2,87.5,33.3,69.641,49.8,0,11.11111111,0,17.14285714,0,0,0,28.45582694,20.8
83,35.51720337,0,0,0,36,39.4,75.9,33.2,61.012,52,0,0,0,0,0,0,0,30.08869202,30
84,47.95183667,36.36363636,35.29411765,0,40,39.3,74.1,46.7,79.535,51.4,0,66.66666667,18.18181818,37.09677419,0,0,0,25.30939001,32.23684211
85,46.33742278,24.28571429,20.33898305,0,42,40.9,79.1,34.3,63.301,51.2,0,25,18.18181818,24.44444444,0,0,0,40.04437144,40.56603774
86,41.95595097,13.88286334,11.48825065,0,37,39.1,70.2,28.8,58.814,51.5,0,20,10.85972851,16.66666667,0,0,0,48.68983441,60.6557377
87,NA,NA,NA,1,67,38.2,77.6,22.9,44.244,49.8,NA,NA,NA,NA,NA,NA,NA,33.8926482,38.79310345
88,56.44915598,31.1827957,33.33333333,0,54,36.7,71.2,27.6,43.097,50.2,0,6.666666667,23.80952381,41.07142857,0,0,0,71.94908887,97.40932642
89,34.96251956,35.82089552,39.53488372,0,26,34,37.5,14.5,31.376,51.1,0,12.5,40,39.58333333,0,0,0,52.73201595,13.14285714
90,NA,NA,NA,1,61,38.5,77,27.8,50.565,49.8,NA,NA,NA,NA,NA,NA,NA,66.60093416,97.5308642
91,67.43080604,75,75,0,56,46.9,88.3,18.5,43.68,50.6,0,100,100,50,0,0,0,NA,NA
92,NA,NA,NA,1,56,38.8,77.6,23.5,44.282,51.5,NA,NA,NA,NA,NA,NA,NA,27.07028319,4.054054054
93,69.03110066,60.71428571,61.9047619,1,53,43.1,81.9,27.7,47.178,51.2,0,0,66.66666667,57.89473684,0,0,0,57.22336918,48.57142857
94,59.48698695,9.935379645,10.77235772,0,47,37.6,76.7,29.8,45.033,51.3,12.5,6.622516556,7.421150278,13.56877323,0.111111111,0.117647059,0.136363636,58.70878521,60.19900498
95,71.4332595,100,100,1,52,43.3,85.8,27.3,47.046,51.4,0,100,100,100,0,0,0,61.0855719,63.82978723
96,65.92069045,84,83.33333333,1,47,47,87.1,27,44.314,51.9,0,75,83.33333333,87.5,0,0,0,37.4813742,15.27224436
97,40.36501355,39.13043478,42.85714286,0,33,36,61.5,24.1,36.328,50.9,0,0,33.33333333,46.66666667,0,0,0,51.74013192,90.8045977
98,53.92050317,81.08108108,81.08108108,0,50,38.3,75.3,19.5,42.338,51.3,0,66.66666667,75,86.36363636,0,0,0,64.47707603,50
99,68.86009276,90.90909091,90.90909091,1,52,49.9,88.5,27.4,44.754,51.6,0,100,100,87.5,0,0,0,65.83577805,71.42857143
100,71.64905313,96.07843137,95.83333333,1,57,49.1,86,28.5,47.217,51.1,100,100,71.42857143,100,1,0,0,57.56997938,89.67391304
101,64.72840106,100,100,1,51,42.8,82.4,24,43.838,51.2,0,100,100,0,0,0,0,29.75042854,7.142857143
102,66.89075561,82.35294118,87.5,1,52,46.9,82.3,22.6,44.194,50.7,0,100,100,66.66666667,0,0,0,64.72840106,63.51351351
103,NA,NA,NA,0,12,34.9,34.6,15.7,34.17,52.5,NA,NA,NA,NA,NA,NA,NA,53.61210739,53.40909091
104,68.88522494,100,100,1,49,39.7,83.9,30.1,40.01,50,0,100,100,100,0,0,0,58.63087857,64.51612903
105,37.34412871,33.33333333,25,0,34,45.4,80.5,31.3,45.737,52.3,0,0,50,33.33333333,0,0,0,49.71204743,93.08153127
106,38.78043151,95.45454545,93.75,0,36,40.8,76.6,36.9,52.713,51.7,0,0,100,95,0,0,0,63.36659112,34.7826087
107,NA,NA,NA,0,51,39.8,86.1,26.7,43.127,51.8,NA,NA,NA,NA,NA,NA,NA,NA,NA
108,54.36363138,81.36150235,81.29205922,0,48,46,87.5,39.3,57.929,50.9,100,85.33834586,80.12232416,81.31313131,0,1,1,NA,NA
109,20.88393422,8,9.090909091,0,17,34.3,36.7,17.1,34.974,51.1,0,16.66666667,0,11.11111111,0,0,0,45.37309428,54.71698113
110,59.66494635,47.82608696,50,0,51,39.8,82.4,28.8,49.434,50.9,28.57142857,33.33333333,53.33333333,48.93617021,0,0.285714286,0,36.02484016,95.94514013
111,55.04459657,50.68493151,50.40650407,0,50,36.6,83.6,24.7,50.221,50.8,0,54.16666667,27.02702703,60.97560976,0,0,0,59.66494635,33.33333333
112,71.62882744,69.41176471,66.66666667,1,63,35.6,68.2,19.4,40.566,49.9,100,100,56.25,72.72727273,1,0,0,NA,NA
113,48.5590958,18.75,22.22222222,0,46,35.5,46.4,13.2,31.239,50.5,0,0,12.5,29.62962963,0,0,0,44.50460914,78.32817337
114,69.47935072,78.57142857,83.33333333,1,64,37.9,69.7,26.1,52.832,51.6,0,0,100,50,0,0,0,61.96109312,46.20253165
115,25.3344818,42.64705882,38.59649123,0,21,32.9,28.7,30.2,44.534,51.3,0,30.76923077,40,46.875,0,0,0,62.97820338,36.52173913
116,26.28012897,4.268502582,1.970865467,0,20,33.5,41.9,46.4,45.495,51,0,0,0.19379845,8.274894811,0,0,0,36.21634968,79.14691943
117,NA,NA,NA,1,62,37.4,77.1,52.6,73.602,50.8,NA,NA,NA,NA,NA,NA,NA,NA,NA
118,67.07045612,60.71428571,75,0,60,35.5,59.2,33.5,59.144,51,0,87.5,0,50,0,0,0,26.43200823,58.2010582
119,52.69715927,28.82882883,31.63265306,0,56,36.5,59.8,18,39.107,51.7,30.76923077,0,38.46153846,28.94736842,0,0,0.4,15.60693642,0.051238258
120,NA,NA,NA,1,75,37.7,90.1,20.8,45.548,50,NA,NA,NA,NA,NA,NA,NA,64.50580545,98.24561404
121,67.35816009,71.73913043,78.04878049,1,61,36.1,74.2,25.3,41.809,51.1,0,84.61538462,100,58.33333333,0,0,0,62.16189411,80
122,NA,NA,NA,1,66,36.3,77.1,24.9,50.229,50.3,NA,NA,NA,NA,NA,NA,NA,NA,NA
123,43.41450577,0,0,0,45,33.4,51.8,18,36.34,51.4,0,0,0,0,0,0,0,76.1843008,99.82373678
124,30.56986613,2.339181287,2.597402597,0,28,33.2,34,26.3,43.537,52.6,0,13.79310345,0,0,0,0,0,NA,NA
125,46.77236053,59.64912281,63.75,1,28,39.1,17.4,32.2,64.87,50.4,0,100,69.56521739,54.65116279,0,0,0,68.55329057,52.38095238
126,25.96841528,47.36842105,44.44444444,0,25,37.8,32.1,26,58.844,49.5,0,50,50,45.45454545,0,0,0,46.29999112,76.35359116
127,55.27574157,44.24778761,42.39130435,0,62,36.7,93.4,24.5,45.02,49.9,0,22.22222222,33.33333333,56.4516129,0,0,0,28.2555108,4.672897196
128,73.82140191,70,70,1,61,32.7,91.4,26.2,42.027,49.8,0,0,100,62.5,0,0,0,72.97118508,53.06122449
129,16.4877158,0,0,0,13,35.9,30.8,22.4,39.384,53.9,0,0,0,0,0,0,0,45.38717193,50
130,14.66051918,18.2230869,18.74549387,0,10,37.2,22.9,21.1,44.141,53.4,0,31.6872428,10.66997519,23.85892116,0,0,0,19.45748291,6.666666667
131,25.84882407,0,0,0,35,36.3,72.4,23.9,52.73,50.9,0,0,0,0,0,0,0,67.17219355,81.48148148
132,15.61799851,100,100,0,13,30.2,59.5,22.8,40.28,49.3,0,0,0,0,0,0,0,73.82140191,85.18518519
133,26.43334804,66.66666667,66.66666667,0,26,34.3,74.1,40.9,53.847,49.7,0,0,0,100,0,0,0,26.17760088,1.731601732
134,63.64500792,95.45454545,91.30434783,1,43,37.6,77.3,38.9,66.495,50.5,0,100,92.85714286,95.83333333,0,0,0,26.84932678,0.180261379
135,16.48357773,0,0,0,12,32.9,35.5,43.1,49.955,53.5,0,0,0,0,0,0,0,31.51616739,80
136,50.07400225,74.90636704,77.64227642,0,43,37.2,78.8,35.5,70.117,50.7,100,63.76811594,85.29411765,74.80314961,0,0,1,16.99573222,55.57586837
137,31.94604452,20.19230769,16.66666667,0,26,39.7,69,45.3,52.843,50.7,0,23.52941176,33.33333333,18.07228916,0,0,0,30.30727243,15
138,51.08046703,90,95.23809524,0,38,40.2,81.3,52,76.127,50.3,0,100,100,87.5,0,0,0,59.22135106,68.88888889
139,57.34896303,56.43564356,55.55555556,0,45,36.5,83.7,23.6,56.151,50.8,100,66.66666667,52.38095238,58.92857143,0,1,0,11.48792465,1.052631579
140,37.91048444,14.28571429,16.66666667,0,44,38.2,78.3,21.3,42.005,51.2,0,0,0,50,0,0,0,45.25783548,71.87779434
141,63.8102788,75,75,1,45,38.1,79.7,46.9,79.517,51.4,0,100,100,0,0,0,0,33.67132641,53.04347826
142,53.25191693,19.64285714,21.27659574,0,44,34.6,77,30.9,64.449,50.2,0,33.33333333,18.75,15.15151515,0,0,0,49.37115718,45.79439252
143,64.32071332,22.54025045,21.40077821,1,50,36,86.2,28.1,48.946,50.4,75,40,57.57575758,10.63829787,1,0,0,41.4305715,42.07650273
144,67.68215097,0,0,1,45,39.3,86,24,53.165,50.8,0,0,0,0,0,0,0,45.27748151,41.28440367
145,55.03296726,35.97883598,32.25806452,0,42,39.6,85.5,17.9,41.607,50.8,0,27.27272727,40.625,34.5323741,0,0,0,50.18347213,0.993822186
146,72.82410892,100,100,1,50,40.5,88.2,24.7,49.281,51,0,100,100,100,0,0,0,58.81789942,33.33333333
147,71.22478547,36.36363636,37.5,1,54,40.9,93,21.4,50.154,49.8,0,50,0,100,0,0,0,68.60607394,97.10144928
148,39.74536967,80,80,0,37,37.6,71.3,21.1,50.376,51.4,0,100,50,100,0,0,0,61.81407052,26.92307692
149,49.29556355,38.46153846,44.04761905,0,45,38.2,84.1,18.9,42.108,50.6,6.666666667,9.090909091,21.21212121,52.54237288,0,0.066666667,0,46.72106114,57.72727273
150,65.46528604,0,0,0,56,36,87.1,22.2,47.287,50.4,0,0,0,0,0,0,0,74.16383775,98.82352941
151,72.2942798,44.44444444,50,0,56,35.8,90.2,27.3,52.259,50.2,0,0,66.66666667,50,0,0,0,32.71680154,50
152,70.99210818,71.42857143,71.42857143,1,59,37.6,89.5,37.2,59.364,51.2,100,66.66666667,60,83.33333333,0,1,0,50.74201389,54.05405405
153,68.99011354,100,100,1,53,39,92.8,17.5,41.607,50.5,100,100,100,100,1,1,1,67.04087641,60.46511628
154,39.096046,47.61904762,61.9047619,0,28,33.1,58.3,21.6,35.012,51.7,0,70,100,21.62162162,0,0,0,64.4578014,66.66666667
155,60.4893692,100,100,0,51,38.9,92.3,18.4,45.31,50.5,0,0,100,100,0,0,0,60.8188999,53.19148936
156,55.31577887,55.44554455,58.75,0,50,37.8,92.9,19.7,44.885,50.7,0,60,78.26086957,46.37681159,0,0,0,62.7144791,12.5
157,48.97164386,0,0,0,41,39.1,91.1,24.8,48.204,50.9,0,0,0,0,0,0,0,37.14983524,50.80645161
158,47.38369716,67.85714286,76.47058824,0,38,36.8,90.3,28.9,50.095,50.5,0,50,100,61.9047619,0,0,0,55.33269066,79.31034483
159,47.81648382,53.33333333,60.78431373,0,44,36.5,88.8,31.1,53.118,50.9,0,33.33333333,55.55555556,60,0,0,0,55.44704541,59.42028986
160,67.25256514,100,100,1,45,38.6,94,24.8,47.562,50.1,0,100,100,100,0,0,0,42.21109053,62.6984127
161,67.02223754,95.70405728,95.10869565,1,54,40.4,93.2,18.8,46.399,50.6,100,100,94.53125,96.15384615,0,1,0,43.32789429,66.38655462
162,76.35189886,60,60,0,69,38.3,89.2,20.9,43.116,50.1,0,100,100,0,0,0,0,54.50150014,71.66666667
163,66.13400332,28.125,88.88888889,1,55,36.7,87.9,27.3,46.309,49.8,0,100,33.33333333,22.22222222,0,0,0,78.03195723,95.67031821
164,60.16896383,55.88235294,57.40740741,0,48,34.8,81.5,43.9,59.5,51,0,44.44444444,38.88888889,65.85365854,0,0,0,NA,NA
165,61.72632383,49.15254237,50.87719298,0,58,36.1,82.3,26.7,47.499,50.8,0,64.28571429,30,47.82608696,0,0,0,59.55341076,65.51724138
166,71.24531098,100,100,1,62,39.9,90.2,14.4,37.203,51.1,0,100,100,0,0,0,0,NA,NA
167,67.88704796,66.66666667,66.66666667,1,61,37.1,89.2,17.2,42.804,50.8,0,100,66.66666667,0,0,0,0,66.33095066,86.04651163
168,44.5929199,51.61290323,50,0,43,38,73,30,45.261,51.8,0,16.66666667,75,51.1627907,0,0,0,69.63347321,86.95652174
169,69.47740805,80,80.64516129,1,60,38.3,93.1,22.7,48.793,50.3,0,0,80.95238095,84.61538462,0,0,0,66.96501371,4.173622705
170,77.42459742,60,75,1,67,39.7,96.7,11.5,28.647,50.2,0,100,66.66666667,56.25,0,0,0,35.06577271,34.375
171,49.86442153,77.43902439,78.66666667,0,55,36.2,85.5,29.6,43.754,51.4,0,90.47619048,75.80645161,76.92307692,0,0,0,63.98046566,11.36363636
172,80.35971738,94.11764706,93.33333333,1,73,38.4,78.7,28.4,49.562,51.1,100,80,100,100,1,0,0,77.89661674,77.77777778
173,34.13359773,43.75,43.75,1,25,35.2,32.3,23.3,33.788,52.3,66.66666667,25,28.57142857,52.5,0,0,0.666666667,51.99959275,50.53191489
174,63.76692007,68.75,72.72727273,0,61,35.8,66.6,12.5,45.359,50.8,0,100,0,70,0,0,0,77.96659799,64.93506494
175,65.83350018,82.35294118,81.25,1,59,35.8,60.8,20.5,41.632,51,0,60,100,66.66666667,0,0,0,17.87334752,NA
176,NA,NA,NA,1,62,36.4,62.1,15.2,32.768,50.8,NA,NA,NA,NA,NA,NA,NA,NA,NA
177,65.63328661,100,100,1,57,34.2,61.4,27.7,48.945,50.9,0,100,100,100,0,0,0,NA,NA
178,NA,NA,NA,1,63,35.7,70.5,19.1,40.04,51.2,NA,NA,NA,NA,NA,NA,NA,NA,NA
179,43.17692321,39.50617284,39.28571429,0,38,43,94.9,34.6,53.003,51.2,0,25,11.11111111,49.01960784,0,0,0,NA,NA
180,44.86841563,78.94736842,71.42857143,0,43,43.5,95.5,21.9,39.938,50.7,0,33.33333333,93.75,72.22222222,0,0,0,35.20804379,4.255319149
181,56.30049579,51.68539326,56.75675676,0,58,41.5,82.4,33.9,69.901,50.8,0,0,75,44.7761194,0,0,0,41.80633317,21.42857143
182,34.1374671,32.5,20,0,38,37.4,58.6,24.4,56.056,53.9,0,0,0,35.29411765,0,0,0,66.54902229,33.21167883
183,37.09422129,30,27.27272727,0,39,36.8,66.7,43.6,72.039,51,0,0,0,42.85714286,0,0,0,32.179984,22.22222222
184,16.41513863,22.03389831,15.625,0,14,36.3,27.3,36,73.798,53.2,0,0,14.28571429,24.44444444,0,0,0,30.66825389,60.34482759
185,35.01476842,29.14798206,26.85714286,0,33,36.8,52.8,33.2,85.675,50.9,8.333333333,20,17.89473684,38.21138211,0,0,1,21.17103084,17.39130435
186,64.90895213,91.30434783,92.30769231,1,58,40.9,86.9,30.2,67.337,50,0,100,100,81.81818182,0,0,0,28.53373426,2.840909091
187,23.29886859,27.11864407,35.29411765,0,20,35.9,34.1,36,50.965,52.3,0,0,12.5,33.33333333,0,0,0,39.20443532,30.91684435
188,25.44288807,100,100,0,25,38,56.3,56,90.203,51,0,100,100,0,0,0,0,21.38395307,2.631578947
189,36.7625192,20,25,0,34,40.8,88.7,28.7,52.418,51.2,0,0,0,50,0,0,0,34.19398362,30.76923077
190,42.62899607,11.62790698,17.85714286,0,39,40.2,83.5,29.3,54.841,51.7,0,0,15.38461538,12,0,0,0,NA,NA
191,40.95808153,0,0,0,39,39,85.5,39.4,64.764,51,0,0,0,0,0,0,0,NA,NA
192,44.58150902,14.72370112,16.95011338,0,35,40.8,86.5,41.8,66.797,52.5,3.846153846,5.714285714,13.85642738,16.31982475,0,0.035714286,0.052631579,34.02023696,30.1369863
193,43.51460203,0,0,0,39,40.1,78.2,38,69.66,50.6,0,0,0,0,0,0,0,36.99361403,16.64712778
194,43.05798246,35.64356436,37.93103448,0,41,41.7,86.6,40.9,74.012,51.8,0,33.33333333,31.57894737,36.11111111,0,0,0,24.36419394,22.58064516
195,33.52162546,10.38961039,10.25641026,0,33,39.2,78.4,45.6,68.979,51.6,0,0,9.090909091,20,0,0,0,49.39449705,44.40677966
196,NA,NA,NA,0,14,30,55,47.7,49.718,52.3,NA,NA,NA,NA,NA,NA,NA,NA,NA
197,27.62905693,2.684563758,2.941176471,0,39,39.4,72.4,40.8,70.419,51.6,0,0,1.923076923,5.084745763,0,0,0,23.75281957,3.802281369
198,47.48508537,96.31490787,93.00699301,0,44,44.4,90.4,39.1,66.839,51.7,50,100,93.5483871,97.91666667,0,0,1,35.38910063,45.45454545
199,55.96688136,64.21052632,72.05882353,0,48,45.6,92.8,18.6,38.92,49.1,0,95,68.42105263,50,0,0,0,50.28307935,70.71428571
200,67.36476274,8.333333333,15.38461538,0,51,38.9,89,22.3,45.613,50.3,0,0,0,12.5,0,0,0,64.10946362,40
201,61.4305338,64.86486486,65.625,0,49,35.5,83.7,29.4,50.385,50.5,0,75,66.66666667,63.33333333,0,0,0,54.36486448,83.43195266
202,68.4509353,100,100,1,48,40.1,93,22.4,42.523,50.3,0,100,100,100,0,0,0,65.27703369,94.28571429
203,45.53070073,60,63.15789474,0,35,39,76.4,17.2,39.488,51.6,0,33.33333333,100,61.9047619,0,0,0,32.63529087,10.52631579
204,64.85561249,63.63636364,63.63636364,1,45,38.6,84.7,24.3,43.738,50.9,0,100,50,75,0,0,0,56.16208373,61.83431953
205,52.50084653,50.81967213,54.16666667,0,46,40.5,89.3,22.1,45.62,49.9,0,21.42857143,66.66666667,52.22222222,0,0,0,55.35353667,35.29411765
206,65.11659751,68,77.77777778,1,46,37.5,88.1,32.2,55.686,50.5,0,97.10144928,34.48275862,66.66666667,0,0,0,61.11601395,96.65271967
207,48.69315052,1.098901099,2.222222222,0,43,40.6,76.4,47.6,65.465,51.5,0,0,0,2,0,0,0,35.4628777,20
208,74.20381323,100,100,1,50,41,92.5,21.9,54.008,50.7,0,100,100,100,0,0,0,69.81739235,76.47058824
209,60.62833249,100,100,1,45,39.9,82.9,34.6,59.95,51.3,100,100,0,100,0,0,1,53.3623744,75.83333333
210,36.40629862,14.28571429,14.28571429,0,33,40.3,71.6,22.5,43.07,52.4,0,0,33.33333333,11.11111111,0,0,0,29.89177517,59.13978495
211,18.86816731,8.333333333,9.375,0,15,35.7,35.3,17.1,28.627,51.3,0,8,0,33.33333333,0,0,0,14.14384998,1.176470588
212,20.56349845,3.488372093,3.614457831,0,14,36.8,36.5,16.6,32.017,53,0,0,0,5.769230769,0,0,0,15.968867,13.26530612
213,41.36673537,34.39490446,37.77777778,0,33,35.3,76.3,30.1,49.6,51,0,25,19.35483871,38.59649123,0,0,0,42.38956392,74.11764706
214,47.16696818,33.69565217,34.17721519,0,47,38,92.8,26.2,52.093,50.5,0,20,26.31578947,35.82089552,0,0,0,54.08591185,94.87179487
215,63.37270662,77.14285714,74.19354839,1,50,36.9,88,36.9,71.934,50.1,0,69.23076923,87.5,78.57142857,0,0,0,58.16146618,54.47761194
216,61.65513337,72.5,67.64705882,1,46,38.9,81,44.6,70.866,51.4,0,75,72.22222222,66.66666667,0,0,0,33.60227245,29.65517241
217,36.95057795,26.27737226,30.1369863,0,34,35.4,73.3,36.8,52.977,51.4,0,20,27.90697674,27.27272727,0,0,0,25.29620498,28.68852459
218,26.28930518,16.02209945,13.5483871,0,24,34,70.6,42.8,50.677,50.2,0,9.375,22.91666667,15.15151515,0,0,0,50.60646444,92.45313773
219,56.89029045,81.85117967,81.54929577,1,53,36.1,91.2,30.2,66.723,49.9,83.33333333,95.0877193,88.25757576,72.70471464,0,0.785714286,0.875,36.59366164,19.23076923
220,40.51522248,34.48275862,33.33333333,0,50,40.7,92.5,20.8,47.671,49.6,0,33.33333333,71.42857143,16.66666667,0,0,0,45.5381054,52.47933884
221,50.83764629,58.66666667,56.52173913,0,45,42.2,93.7,20.9,46.631,49.4,0,0,66.66666667,61.66666667,0,0,0,62.08033613,54.83870968
222,57.52772472,53.15315315,41.66666667,0,62,37.2,69.2,16.9,39.089,52.1,0,33.33333333,46.15384615,55.12820513,0,0,0,31.56574499,12.12121212
223,37.97946133,56.25,50,0,34,34.1,30.9,19.7,30.752,51.6,0,50,50,62.5,0,0,0,NA,NA
224,68.55123492,100,100,1,62,36.8,61.6,23.3,37.872,51.6,0,0,0,100,0,0,0,68.96684279,48.57142857
225,52.58145139,100,100,0,68,36,72.4,19.6,39.168,50.4,0,0,100,100,0,0,0,18.50352386,13.18681319
226,24.30940765,9.090909091,10.52631579,0,19,36.7,38.6,26.1,37.887,53.9,0,0,0,100,0,0,0,61.83309284,94.93670886
227,69.96797804,85.71428571,85.71428571,1,55,39.7,90.8,44,71.348,51.1,0,100,100,66.66666667,0,0,0,65.89629239,50
228,48.80482089,52.10526316,52.77777778,0,39,37,86,29.3,47.578,50.9,50,50,55.73770492,53.93258427,0,0.5,0,52.7804261,67.03296703
229,52.7804261,47.32824427,47.45762712,0,61,38.8,92,18.4,42.472,49.6,0,0,45.45454545,49.05660377,0,0,0,37.88282435,9.705882353
230,45.31271765,27.27272727,29.03225806,0,35,36.5,65.4,27.1,43.57,51.8,0,0,11.11111111,37.93103448,0,0,0,66.65642315,80.95238095
231,69.45800374,100,100,1,54,38,90.4,25.8,50.992,50.5,0,100,100,100,0,0,0,67.39157063,78.82352941
232,67.61285992,73.17073171,66.07142857,1,63,37.4,92.8,23.3,41.087,51,0,80,56,80,0,0,0,74.55302617,75
233,69.50550639,0,0,1,62,40.5,91.4,14.5,34.344,50.3,0,0,0,0,0,0,0,55.48742743,49.27536232
234,NA,100,100,1,55,37.2,91.3,24.9,44.527,50.4,0,0,100,0,0,0,0,68.29067338,57.14285714
235,64.09421463,46.66666667,46.66666667,1,49,39.7,89.3,28.2,44.222,49.9,0,0,100,25,0,0,0,50.79569713,63.52201258
236,71.27280045,71.42857143,71.42857143,1,54,35.9,90.6,28.6,51.522,50.2,0,100,0,50,0,0,0,74.17141229,75.35211268
237,60.80634501,49.35064935,41.26984127,1,49,33.8,79.8,34.9,53.553,50.7,0,0,18.75,60,0,0,0,33.15247994,61.11111111
238,79.66672781,96.42857143,96.15384615,1,69,40.5,95.1,19.5,44.898,50.6,0,100,100,92.85714286,0,0,0,61.39036907,46.15384615
239,36.36257173,5.555555556,6.25,0,34,34.5,63.7,16.6,41.818,48.6,0,10,0,0,0,0,0,54.01882181,71.54471545
240,65.96802386,69.23076923,70,1,49,39.4,80.8,24.1,50.637,49.3,0,66.66666667,66.66666667,71.42857143,0,0,0,45.66201604,55.55555556
241,50.34129426,40,41.7218543,0,43,36.4,70.1,25.4,52.958,50.6,50,34.48275862,27.27272727,44.35483871,0,0,0.5,48.03350802,62.39669421
242,56.02142219,44,49.05660377,0,47,41,94.3,32.9,63.561,50.5,0,33.33333333,58.82352941,42,0,0,0,47.47123369,82.95454545
243,50.83072027,77.41935484,76.92307692,0,43,41.9,94,33.9,61.83,50.7,100,100,81.25,71.42857143,0,1,1,30.5216734,8.695652174
244,35.51450611,43.75,38.46153846,0,34,38.2,70,25.6,59.072,51.8,0,0,25,60,0,0,0,58.86755269,58.82352941
245,67.92429414,76.92307692,76.92307692,1,45,40.2,72.9,23,55.126,50.9,0,100,50,80,0,0,0,54.49510413,57.94392523
246,51.39019057,52.54237288,51.85185185,0,47,43.2,81,32.4,68.293,51.3,66.66666667,0,52,54.65116279,0,0.5,1,64.37539586,95.51282051
247,71.34326717,98.13084112,97.97979798,1,52,39.2,82.4,31,66.111,51.1,100,100,100,100,0,0,1,56.28374905,86.36363636
248,66.44559208,86.66666667,86.66666667,1,54,42.5,84.6,44.7,90.01,51.7,0,66.66666667,87.5,100,0,0,0,35.7242676,58.13953488
249,44.39414711,59.35483871,59.61538462,0,39,36.6,66.1,34.6,68.549,51.2,50,52.94117647,72.22222222,58.33333333,0,0.5,0,58.80509777,49.15254237
250,59.37418779,41.66666667,47.61904762,1,48,41,74.9,46.3,93.914,50.5,0,75,33.33333333,36.36363636,0,0,0,19.53251833,61.53846154
251,36.57536505,63.15789474,57.14285714,0,36,37.3,66.1,32.2,59.905,51.8,0,75,50,66.66666667,0,0,0,25.2811902,77.55102041
252,38.39552954,62.5,62.5,0,38,39.2,64.7,37.6,64.049,50.7,0,0,100,60,0,0,0,11.05369073,50
253,13.09276282,0,0,0,13,35.4,25.1,21.1,42.374,53.2,0,0,0,0,0,0,0,59.52850712,45.45454545
254,68.76945857,21.42857143,27.27272727,1,54,42.2,82.6,50,94.687,51.2,0,50,0,18.18181818,0,0,0,29.87313168,7.575757576
255,46.38837145,16.43835616,19.14893617,0,41,40.7,67.2,47.7,83.189,51.3,0,11.11111111,5,26.47058824,0,0,0,40.84031416,57.57575758
256,23.71749739,40,44.44444444,0,24,33.5,58.3,30.1,50.538,50,0,25,100,40,0,0,0,59.10164016,98.07923169
257,48.12105869,41.81818182,44.44444444,0,40,36.8,68.5,31,43.468,50.7,0,14.28571429,41.66666667,47.05882353,0,0,0,36.87532818,NA
258,55.40285812,68.60465116,75.38461538,0,50,35.5,81,19.6,37.287,49.7,100,87.5,22.22222222,72.05882353,0,0,1,47.55316997,86.66666667
259,43.01398342,83.63636364,82.14285714,0,38,37.4,65.8,25.6,44.413,50.2,0,54.54545455,100,88.23529412,0,0,0,58.68006035,99.89094875
260,47.93359086,54.44444444,51.31578947,0,48,40.4,87.6,33.3,82.84,50.4,0,71.42857143,73.91304348,27.02702703,0,0,0,41.76326476,3.896103896
261,41.02912445,74.93036212,80.8,0,43,39.6,72.6,35.3,88.354,51,0,86.13861386,76.31578947,68.13186813,0,0,0,34.32553035,16.66666667
262,67.98578421,99.54699887,99.52267303,1,52,43,85.2,37.5,90.373,51.7,100,100,100,98.57142857,1,0,1,9.625222121,81.81818182
263,43.58128073,0,0,0,41,38.9,60.1,36.4,85.598,51.6,0,0,0,0,0,0,0,31.31929729,15.38461538
264,35.64031907,0,0,0,36,39.5,49.9,38.7,61.638,50.8,0,0,0,0,0,0,0,NA,NA
265,10.56929366,10,10,0,11,36.2,17.3,22.5,55.355,52.8,0,0,0,25,0,0,0,8.751140375,5.405405405
266,17.19433816,47.82608696,44.44444444,0,20,37.4,36.9,24,45.524,51.7,0,14.28571429,33.33333333,80,0,0,0,11.48997884,22.22222222
267,24.95434253,16.66666667,16.66666667,0,26,35.7,74.7,56.4,69.692,50.3,0,25,0,0,0,0,0,19.2407653,82.60869565
268,38.27474678,6.19047619,5.853658537,0,44,40.1,64.4,37.8,55.983,52.4,0,0.970873786,3.636363636,20,0,0,0,52.7333722,3.25443787
269,7.209632279,0,0,0,9,32.9,24.9,24.8,38.369,54.2,0,0,0,0,0,0,0,19.44309111,5.319148936
270,10.76851365,0,0,0,9,34.4,29.7,34,45.305,54.3,0,0,0,0,0,0,0,6.490442486,54.45026178
271,NA,NA,NA,0,13,33.4,49,28.3,41.729,51.6,NA,NA,NA,NA,NA,NA,NA,15.26495271,2.941176471
272,49.73670845,36.36363636,48,0,51,38.6,72,30,64.572,51.5,0,0,61.9047619,13.63636364,0,0,0,2.818165614,NA
273,24.47373643,13.88888889,14.70588235,0,21,36.7,75,66,78.432,52.9,0,18.18181818,4.761904762,66.66666667,0,0,0,23.09889677,70
274,12.32243387,8.252427184,7.103825137,0,6,34.7,31.7,35.9,36.899,52.7,0,2.105263158,2.53164557,40.625,0,0,0,34.90065169,22.22222222
275,4.503886603,0,0,0,5,29.7,16.5,10.2,23.504,53,0,0,0,0,0,0,0,48.05051753,40
276,24.93367368,27.77777778,25,0,28,35.8,41.9,31.3,54.251,52.7,0,0,50,50,0,0,0,52.85365845,51.28205128
277,36.59713696,95,94.95798319,0,38,39.8,70.7,48.3,86.017,51.2,0,94.59459459,95.55555556,97.2972973,0,0,0,31.55617172,56.97674419
278,49.15166924,18.45238095,16.17647059,0,48,40.6,82,36.6,78.112,50.6,11.76470588,0,15.38461538,20,0,0,0.4,48.99608099,58.70786517
279,54.75221108,33.92857143,34.12698413,0,48,43.7,93,30.2,57.603,49.5,0,50,37.14285714,29.24528302,0,0,0,60.74163241,39.76608187
280,39.58961809,0,0,0,40,38.9,81.9,31,53.408,51.2,0,0,0,0,0,0,0,51.91060467,36.84210526
281,47.39942412,28.42105263,31.3253012,0,39,38.4,78.7,28.5,49.828,50.7,0,28.57142857,23.07692308,29.16666667,0,0,0,47.03996327,NA
282,49.26318606,0,0,0,47,38.8,92.5,19.5,46.484,49.1,0,0,0,0,0,0,0,42.58921644,56.5
283,50.02276362,69.44444444,70.37037037,0,48,41.3,91,24.5,46.726,50.3,0,33.33333333,66.66666667,79.16666667,0,0,0,25.21195832,36.36363636
284,46.10085766,2.702702703,3.225806452,0,43,40.9,85.2,32.4,55.062,51.6,0,0,0,4,0,0,0,50.78771039,75.18987342
285,69.08719362,100,100,1,52,41.2,90.4,29.3,54.258,51.5,0,100,100,100,0,0,0,23.28428714,61.9047619
286,37.14214984,0,0,0,44,41,87.1,25.1,45.67,50.9,0,0,0,0,0,0,0,57.44013147,70
287,33.37160744,38.70967742,28,0,30,36.3,61.9,26.5,36.341,52.3,0,0,54.54545455,37.5,0,0,0,63.11083144,87.28813559
288,53.9394992,75,85.71428571,0,51,41.1,91.1,29.1,50.604,49.8,0,100,100,55.55555556,0,0,0,25.52505847,0.087738539
289,40.6905105,50,50,0,37,39.9,43.6,13.8,32.411,52.4,0,0,50,50,0,0,0,57.54488154,70.45454545
290,50.3980802,49.05660377,54.08805031,0,47,34.2,62.6,19.9,40.934,51.6,66.66666667,31.57894737,72.4137931,41.04477612,0,0.666666667,0,60.92330142,37.5
291,73.6216344,100,100,1,61,35.5,76.1,22.9,46.64,50.3,0,100,100,100,0,0,0,49.90289129,38.03680982
292,42.83822361,2.127659574,2.247191011,0,36,35.9,68.9,51.3,64.121,52,0,0,5.164319249,0.621118012,0,0,0,53.95455186,45.45454545
293,65.88540324,0,0,1,61,41.5,86.3,24.3,41.673,51.6,0,0,0,0,0,0,0,53.14637745,16
294,75.20829423,16.66666667,25,1,63,40.7,81.9,25.8,47.514,51.8,0,0,0,33.33333333,0,0,0,56.98867251,50.98039216
295,46.31886379,67.77777778,67.10526316,0,52,38.8,65.3,21.1,38.458,51.1,83.33333333,64.28571429,63.63636364,74.46808511,0,0.833333333,0,57.42428174,69.56521739
296,45.16784534,54.83870968,53.33333333,0,47,34.1,61.8,19.9,40.204,50.7,0,0,62.5,55,0,0,0,20.36518842,11.11111111
297,68.9671647,100,100,1,55,36.8,75.7,41.1,60.559,51.9,0,100,100,100,0,0,0,56.7969024,84.61538462
298,71.17719074,50,50,1,63,40.9,85.6,20.6,41.848,50.9,0,0,100,50,0,0,0,56.82833805,59.25925926
299,45.6560001,49.8489426,51.09489051,0,52,43.2,90.2,25.9,40.736,51.9,0,58.62068966,72.34042553,39.21568627,0,0,0,60.56053294,47.61904762
300,34.83093004,25,25,0,29,34.4,48.4,24,36.757,52.1,0,0,0,33.33333333,0,0,0,58.63362434,1.916932907
301,44.50196461,0.729927007,0.826446281,0,40,35,63.4,30.3,44.577,50.5,0,0,0,1.176470588,0,0,0,27.84187164,95.45970488
302,54.92079342,27.71084337,24.63768116,0,53,36.6,89.8,26.3,51.704,49.7,0,9.090909091,40,26,0,0,0,61.52558302,91.80327869
303,52.82475234,27.86885246,28.30188679,0,44,36.6,65.7,24.5,40.309,51.5,31.25,25,50,22.22222222,0.2,0.4,0,59.38759873,65
304,62.77804369,68.29268293,68.29268293,1,59,38.7,91.3,34.3,55.269,51.1,0,0,42.85714286,78.125,0,0,0,53.25134313,30.53527981
305,68.11240428,65.38461538,68,1,51,39.9,78.3,25.9,45.217,51.7,0,85.71428571,71.42857143,57.5,0,0,0,56.39557712,77.77777778
306,74.29157212,100,100,1,60,39.7,91.5,15.7,43.781,49.6,0,100,0,100,0,0,0,NA,NA
307,71.92595925,83.33333333,83.33333333,1,53,39.3,94,17.9,46.428,50.8,0,100,100,0,0,0,0,23.9729925,12.90322581
308,52.63963509,11.12521151,9.609195402,0,50,42,94.3,16.7,41.339,50.7,66.66666667,9.170305677,8.013937282,20.4,0,1,0.571428571,61.3622833,96.88581315
309,65.84530446,66.66666667,66.66666667,1,54,38,84.5,22.4,48.501,50.3,0,100,66.66666667,0,0,0,0,NA,NA
310,68.41870632,97.39054798,97.50519751,1,60,37.8,88.9,20.7,47.361,50.9,100,97.05400982,97.95258621,96.35974304,1,1,1,63.46960708,50
311,40.64616404,86.02150538,85.82995951,0,36,38.9,78.3,21.6,41.792,51.1,88.88888889,30,50,91.12903226,0,0,0.888888889,27.2301398,9.115281501
312,45.26497148,6.918238994,7.482993197,0,39,40.4,84.4,27.2,44.615,51.7,0,0,2.5,11.11111111,0,0,0,58.24944338,90.14084507
313,17.07005764,5.882352941,6.666666667,0,14,39.1,35.2,26.9,32.919,53.7,0,0,0,11.11111111,0,0,0,61.55843844,60.90225564
314,57.65078512,34.48275862,29.41176471,1,46,36.5,71.2,39.1,57.436,51.6,0,25,0,40.90909091,0,0,0,52.04699732,44.53781513
315,44.26780127,56.84210526,65.33333333,0,42,40.8,82.5,26.4,48.8,51.7,0,42.85714286,60,61.01694915,0,0,0,66.45162474,47.61904762
316,67.36634874,66.66666667,66.66666667,1,49,42.5,92.9,30.5,56.132,51,0,100,50,0,0,0,0,59.92985295,45.71428571
317,56.74288048,100,100,0,45,33.3,81.1,34.4,49.406,50.4,100,0,100,100,0,1,0,79.04833553,98.92420538
318,55.79580018,36,35,0,50,40.8,92.1,22.8,45.927,51,15,66.66666667,33.33333333,34.61538462,0,0.214285714,0,71.09813103,96.92307692
319,35.82037349,22.47191011,22.5,0,36,40.6,83.2,19.1,39.414,51.4,0,16.66666667,27.77777778,13.79310345,0,0,0,61.17033774,40.36697248
320,57.08622504,45.3125,47.82608696,0,52,39.8,95.1,14.3,41.894,50.6,0,25,41.66666667,47.91666667,0,0,0,35.66936764,16.66666667
321,NA,NA,NA,1,64,36.1,73.3,29.5,47.305,51.3,NA,NA,NA,NA,NA,NA,NA,70.21374206,94.54545455
322,43.47617132,44.82758621,50,0,66,39,67.5,16.1,37.268,50.3,0,42.85714286,47.82608696,40.74074074,0,0,0,20.97350464,90.33816425
323,77.99350724,100,100,1,73,37.3,80.6,20.1,42.458,49.6,0,100,100,100,0,0,0,39.76882702,49.07407407
324,NA,NA,NA,1,66,35.3,77.4,24.1,47.31,50.2,NA,NA,NA,NA,NA,NA,NA,43.99498186,94.24242424
325,64.41691495,70.58823529,71.79487179,0,59,34.3,69.4,28.9,42.046,51,0,100,44.44444444,46.66666667,0,0,0,15.05149728,8.333333333
326,43.37976449,20.3125,25,0,36,36.7,79.9,38.1,58.923,50.5,0,5.882352941,10.52631579,36,0,0,0,9.495188547,8
327,74.07746626,100,100,1,54,41,90.4,23.1,40.716,50.4,100,100,100,100,0,1,0,57.22893853,99.27927928
328,25.96216519,28.91566265,31.42857143,0,26,36.1,78.9,32,46.762,50.7,0,27.5862069,26.66666667,33.33333333,0,0,0,63.44298261,84.31372549
329,44.43383865,78.39851024,77.77777778,0,43,41.5,90.4,23.4,40.342,50.5,0,42.85714286,21.42857143,82.32931727,0,0,0,62.92461013,63.82978723
330,47.27789226,43.75,51.2195122,0,43,38.9,84.4,29.5,50.599,50.7,0,28.57142857,55.55555556,43.75,0,0,0,57.1412818,61.11111111
331,NA,NA,NA,0,12,32.5,31.7,18.4,31.992,52.9,NA,NA,NA,NA,NA,NA,NA,59.39776659,76.92307692
332,10.70163697,7.692307692,7.692307692,0,10,32.4,34.6,32,34.321,54,0,0,0,33.33333333,0,0,0,56.60348969,73.80952381
333,55.72241614,80.47337278,86.98630137,0,49,41.1,92.4,21.1,42.71,50.6,30,96,79.48717949,77.88461538,0,0.333333333,0,61.67477808,91.66666667
334,49.18644994,43.39622642,55.17241379,0,55,43.7,93.3,34.2,58.053,51.7,13.33333333,20,16.66666667,53.84615385,0,0.133333333,0,65.58420687,20
335,70.87073559,0,0,1,55,40.5,94.8,20.4,42.27,49.6,0,0,0,0,0,0,0,58.54423944,35.0877193
336,57.10248738,60,54.54545455,1,41,39.1,83.4,40.8,68.343,51.3,0,66.66666667,50,61.9047619,0,0,0,51.73525776,61.01694915
337,55.54346556,43.63636364,41.66666667,0,43,39.8,81.6,41.2,69.522,51.7,0,66.66666667,52.38095238,36.66666667,0,0,0,30.91248408,64.82758621
338,53.52263145,35.0877193,33.33333333,0,45,42.2,88.8,34.3,70.994,51,44.44444444,19.04761905,34.375,37.75510204,0,0.428571429,0.6,23.10566058,3.50877193
339,73.06127913,92.30769231,75,1,63,42,95.5,16,44.861,50.1,0,50,100,100,0,0,0,56.75054749,95.23809524
340,55.17673177,52.5,50.87719298,0,54,43.1,93.9,21.3,47.243,49.9,0,63.63636364,44,53.48837209,0,0,0,58.41639333,42.85714286
341,54.70055729,35.29411765,30.55555556,0,42,41.7,88.9,19.2,43.24,51.2,0,33.33333333,25,40.625,0,0,0,39.68893988,20.93023256
342,49.2209517,53.19148936,48.27586207,0,50,43.7,93,17.2,39.937,51,0,33.33333333,14.28571429,61.11111111,0,0,0,62.85921921,81.63265306
343,43.65842893,35.29411765,38.70967742,0,41,39.8,77.8,33.5,57.277,51.3,0,0,35.71428571,40,0,0,0,43.53388892,30.09708738
344,29.05619806,20,20,0,29,38.3,68.7,27.2,36.126,51.8,0,50,0,12.5,0,0,0,38.65843288,59.13978495
345,57.86265188,50.34965035,43.39622642,1,43,40.5,86,26.5,55.055,51.1,100,39.21568627,61.11111111,53.57142857,0,1,0,64.70067827,82.09459459
346,65.38684687,77.41935484,73.91304348,1,51,37.8,87.2,24.5,53.399,51,0,100,80,70,0,0,0,NA,NA
347,44.49940511,27.90697674,31.81818182,0,51,41.5,84.9,21.1,52.306,50.5,0,0,16.66666667,29.72972973,0,0,0,66.67217312,71.26436782
348,67.32821507,51.42857143,54.83870968,1,55,44.1,93.6,35.6,57.295,51.8,0,55.55555556,53.33333333,45.45454545,0,0,0,67.3179472,99.04534606
349,75.52247129,0,0,1,56,40.6,88.7,25.2,56.096,50.8,0,0,0,0,0,0,0,57.53463471,83.33333333
350,46.81731027,45.65217391,43.90243902,0,33,39.6,82.9,32.3,52.096,52,0,100,27.27272727,59.09090909,0,0,0,NA,NA
351,34.66290483,83.87096774,40,0,37,39.5,80.5,30,55.192,51.3,0,0,0,100,0,0,0,57.18704934,33.20895522
352,69.50897103,95.04132231,94.64285714,0,57,37.9,74.8,29.4,48.172,51.6,100,42.85714286,100,97.77777778,0,1,1,57.44973425,83.55263158
353,54.99750481,86.8,87.05357143,1,54,37.4,65.8,29.8,49.797,50.6,64.70588235,80,94.02985075,85.21126761,1,0,0.625,79.26929517,45.45454545
354,65.49768591,83.33333333,77.14285714,0,64,40.4,77,20.4,39.986,50.8,0,100,88.88888889,76.92307692,0,0,0,78.31402934,45.2722063
355,68.78474583,33.33333333,50,0,60,37.8,74.6,25.7,44.358,51.5,0,100,0,0,0,0,0,63.40489467,59.30232558
356,55.15890063,38.46153846,41.17647059,0,53,38.5,64.5,20.1,39.121,51.5,0,50,51.85185185,33.33333333,0,0,0,55.75610391,83.61045131
357,36.67524732,16.12903226,16.12903226,0,35,36.1,42.5,16.7,32.472,52.5,0,0,20,21.42857143,0,0,0,33.44437507,22.44897959
358,51.18451374,100,100,0,53,37.1,85.9,26.3,48.321,50.2,100,100,100,100,1,0,0,NA,NA
359,82.52611522,3.738317757,3.738317757,1,70,42,94.2,18,36.166,51.4,0,3.125,3.03030303,5,0,0,0,74.7640226,99.28571429
360,84.808249,25,25,1,64,39.6,89,27.4,43.753,51.4,0,0,0,50,0,0,0,70.60422391,33.33333333
361,66.97181612,0,0,0,62,40.6,84.6,20.8,38.986,51.2,0,0,0,0,0,0,0,24.07359649,9.701492537
362,59.67581777,30,31.25,0,64,41.8,92.4,15.1,35.489,50.4,0,50,22.22222222,30.76923077,0,0,0,72.62323657,99.17355372
363,42.80193348,67.75700935,67,0,43,34.6,65,32.2,44.798,51.4,0,59.52380952,79.54545455,60,0,0,0,66.47791619,84.7826087
364,69.59580206,39.13043478,65.38461538,0,62,36.4,87.1,21.3,46.135,51.2,0,83.33333333,25,35.71428571,0,0,0,NA,NA
365,74.51644214,88.70967742,94.11764706,1,65,37.4,79.7,34.5,58.947,50.9,100,100,100,77.41935484,0,1,0,75.20966022,93.33333333
366,60.32225948,34.21052632,33.33333333,0,56,38.9,73.1,15.3,36.638,51.7,0,30,33.33333333,36.36363636,0,0,0,65.96726505,88.88888889
367,25.33842909,18.18181818,15.78947368,0,22,33.4,28.8,26.4,36.318,52.3,0,8.888888889,10,25,0,0,0,59.66092351,96.83794466
368,NA,NA,NA,1,69,36.3,77.1,19.5,41.963,51.1,NA,NA,NA,NA,NA,NA,NA,62.53361127,75
369,NA,NA,NA,1,60,35.7,66.1,24.3,55.812,50.1,NA,NA,NA,NA,NA,NA,NA,79.17084874,98.50746269
370,67.8932818,97.43589744,97.36842105,1,57,33.8,64,42.8,67.433,50.6,0,100,100,96.42857143,0,0,0,20.05338098,0.061349693
371,76.89114729,100,100,1,69,37.5,80.7,25.1,53.216,51.1,0,0,100,100,0,0,0,62.53909109,78.57142857
372,71.93293394,57.14285714,57.14285714,1,63,36.6,74.2,19.8,46.98,50.5,0,66.66666667,100,28.57142857,0,0,0,80.89772065,18.18181818
373,67.87155463,91.20879121,95.83333333,1,60,33.7,70.1,24.8,53.509,50.2,100,82.60869565,97.14285714,90.90909091,0,1,1,72.66360263,59.82142857
374,NA,NA,NA,1,58,34.9,67.5,48.1,66.454,50.7,NA,NA,NA,NA,NA,NA,NA,NA,NA
375,82.30899848,100,100,1,74,37.6,85.5,22.3,51.506,49.6,0,100,100,100,0,0,0,54.51220574,50
376,23.20148023,1.21602289,0.157604413,0,23,31.4,41.6,20.6,38.362,50.9,0,0,2.678571429,0.368324125,0,0,0,37.70857749,16.66666667
377,66.18096829,100,100,1,55,33.5,72.5,35.8,62.278,49.5,100,0,100,100,1,0,0,33.48267583,43.47826087
378,83.96135589,100,100,1,76,36.3,88.5,19.1,46.067,50.3,0,100,0,100,0,0,0,NA,NA
379,74.0864101,66.66666667,66.66666667,1,63,34,83.4,25.3,52.742,51.6,0,0,75,50,0,0,0,23.13680758,42.85714286
380,NA,NA,NA,1,77,36.6,85.3,19.6,43.914,48.6,NA,NA,NA,NA,NA,NA,NA,NA,NA
381,75.99025149,99.92505153,99.84939759,1,66,36.6,80.5,26.1,57.298,49.5,100,100,100,99.82142857,1,1,1,34.38437114,21.875
382,42.73767511,20,20,0,40,30.5,90.7,16,33.909,50.3,0,0,0,25,0,0,0,63.10804107,98.88268156
383,38.64371764,56.41025641,36.36363636,0,34,31.4,79.4,21.1,39.904,51.5,0,18.18181818,90,25,0,0,0,66.70292397,60.86956522
384,62.82369843,40.57971014,34.58646617,0,67,33,82.8,22.7,42.622,50.3,7.692307692,48.14814815,52.23880597,31.85840708,0,0,0.083333333,47.52229635,53.78151261
385,27.98138354,96.49122807,94.87179487,0,22,30.4,49.1,20.2,36.853,50.6,0,95,93.33333333,100,0,0,0,62.89860349,27.77777778
386,80.32156192,10.41666667,11.9047619,1,72,32.7,83.8,21,41.348,50,0,16.66666667,0,18.18181818,0,0,0,60.94905798,99.80732177
387,35.1286476,78.94736842,63.63636364,0,36,31.4,75.2,16.3,37.343,50.8,0,0,85,76.47058824,0,0,0,70.40924111,9.567198178
388,71.19217307,82.35294118,84.7826087,1,58,37.8,82.3,41,59.217,50.6,100,100,88.88888889,64.70588235,0,1,0,59.13592285,89.18918919
389,69.36022782,53.84615385,53.84615385,1,58,35.1,65.5,34.7,72.214,50.1,0,100,100,33.33333333,0,0,0,30.48187185,18.18181818
390,52.63887033,3.448275862,4.166666667,0,48,33.1,80.8,25.3,48.788,50.3,0,0,0,4.545454545,0,0,0,NA,NA
391,NA,NA,NA,1,55,35,68,37.4,58.182,49.6,NA,NA,NA,NA,NA,NA,NA,19.41860082,0.08
392,45.90998615,64.76190476,52.77777778,0,40,33,73.3,33,48.145,49.8,0,44.44444444,75,58.33333333,0,0,0,63.65838169,44.80824153
393,68.59708906,100,100,1,58,33.2,76.4,33.4,61.57,50.8,0,100,100,100,0,0,0,59.629342,41.22137405
394,50.38280301,67.1875,64.44444444,0,46,32.6,88.1,18.1,39.054,51.1,0,33.33333333,78.94736842,69.44444444,0,0,0,26.22263058,33.33333333
395,42.67986449,57.14285714,30,0,44,30.8,91.7,15.7,38.067,50.8,0,0,76.19047619,54.54545455,0,0,0,36.92117082,53.65853659
396,34.54041948,38.18181818,26.08695652,0,38,29,67.5,8.1,35.17,49.6,0,7.692307692,52.94117647,25,0,0,0,33.36739844,53.7037037
397,22.22542571,60.96033403,56.03864734,0,18,31.4,42.2,19.2,37.188,50.4,100,12.76595745,69.04761905,63.84615385,0,0,1,72.69015768,2.114164905
398,NA,NA,NA,1,58,32.6,76.5,29.4,55.753,51,NA,NA,NA,NA,NA,NA,NA,74.32803327,94.31818182
399,64.21890032,100,100,1,53,33.3,70.2,37.9,51.046,49.6,100,100,100,100,0,0,1,65.00784606,99.76525822
400,74.30663912,82.60869565,83.33333333,1,64,30.1,86.6,29.4,55.921,49.5,0,100,100,71.42857143,0,0,0,76.60577853,98.32285115
401,47.7071955,45.65217391,47.61904762,0,57,32.3,89.8,33.9,53.888,49.8,0,50,31.81818182,50,0,0,0,49.83922156,43.24354912
402,75.91840948,77.77777778,76,1,67,26.6,88.5,25.8,57.388,49.7,0,100,91.66666667,58.33333333,0,0,0,24.45942863,4.225352113
403,33.159729,26.31578947,20,0,31,42,95.2,35.4,52.776,50.8,0,0,25,40,0,0,0,57.73382277,25.68807339
404,64.74296521,4.395604396,5.418719212,1,51,37.4,70.7,32.3,69.323,50.6,0,60,20,3.041825095,0,0,0,53.83494344,71.42857143
405,55.58386973,58.7755102,52.5862069,0,49,34,67.1,30.4,59.75,49.8,0,48.57142857,66.30434783,56.03448276,0,0,0,18.52418822,4.166666667
406,27.96675601,87.09677419,86.07594937,0,24,33.7,38,22.2,41.392,52.6,0,93.33333333,90.32258065,82.9787234,0,0,0,57.02496838,72.5
407,62.4676066,82.35294118,84.61538462,1,49,38.4,60.9,23.8,57.026,50.1,0,0,66.66666667,100,0,0,0,56.39860559,60.44776119
408,51.95504993,30.36649215,27.16049383,0,51,41.3,73.4,24.5,44.51,51.8,23.07692308,35,55,21.6,0.315789474,0,0,65.36520773,64
409,NA,NA,NA,1,57,39.4,83,25.2,45.821,51.6,NA,NA,NA,NA,NA,NA,NA,58.52648985,81.17929379
410,63.44955813,96.4107677,96.5,1,53,40.2,74.9,37.4,63.281,52,100,96.52173913,95.2,96.83544304,1,1,1,32.12583441,53.46534653
411,37.93408656,31.54362416,32.62411348,0,30,35.2,64.6,61.6,91.262,51.1,0,83.33333333,47.36842105,18.88888889,0,0,0,61.36509981,82.60869565
412,52.46151401,30.66666667,27.77777778,0,59,41.5,92.8,17.9,36.474,50.2,0,57.14285714,7.142857143,41.02564103,0,0,0,60.11256467,34.67741935
413,64.36088749,78.125,78.125,1,46,36.3,72.3,48.4,101.893,50.1,0,83.33333333,73.33333333,81.81818182,0,0,0,36.78597726,48.69565217
414,49.77950993,45.36082474,47.36842105,0,42,37.3,64.5,52.5,106.863,49.8,33.33333333,25,37.14285714,52.83018868,0,0,0.4,46.0638246,62.16216216
415,42.33329659,43.75,46.66666667,0,36,38.6,77,41.2,72.627,50.6,0,33.33333333,45.45454545,46.66666667,0,0,0,38.85825248,61.53846154
416,48.92766554,48.71794872,50.79365079,0,42,38.7,86.8,26.1,55.911,49.7,0,25,50,62.79069767,0,0,0,60.37960556,50
417,52.97188797,50,50.94339623,0,46,39.4,87.7,26.6,53.161,50.9,0,14.28571429,55.55555556,53.19148936,0,0,0,66.22006171,92.85714286
418,67.6420701,62.5,62.5,1,58,33.7,75.3,21.7,48.083,49.6,0,50,0,66.66666667,0,0,0,61.91821841,20
419,63.66634217,50,50,1,52,37.5,87.9,27.5,45.493,50.3,0,0,0,50,0,0,0,41.00213031,62.85714286
420,41.96076783,22.22222222,22.22222222,0,41,40.2,77.5,23.8,48.442,50.1,0,66.66666667,0,10,0,0,0,20.34598751,3.278688525
421,NA,NA,NA,0,15,35.8,68,52.8,60.096,50,NA,NA,NA,NA,NA,NA,NA,59.65242146,72.72727273
422,52.05162048,65.30612245,66.66666667,1,42,37.7,75.2,41.2,81.548,49.9,0,57.14285714,77.77777778,63.63636364,0,0,0,28.3826672,0.263071358
423,45.1479206,3.846153846,2.34741784,0,40,35.4,70.1,23.3,54.532,49.8,0,0,0,8.737864078,0,0,0,41.44179414,37.5
424,50.40026684,60.97560976,62.06896552,0,57,41,95.1,20.3,39.17,50.3,100,0,60,62.85714286,0,1,0,62.29761422,84
425,69.74892061,0,0,1,55,41.7,92.6,19.8,41.015,50.8,0,0,0,0,0,0,0,69.78312294,56
426,43.96135266,21.42857143,24.24242424,0,56,41.6,94,15.1,34.919,51,11.11111111,0,44.44444444,17.85714286,0,0,0.111111111,46.47030566,31.81818182
427,69.37943221,99.72222222,99.6763754,1,48,39.3,88.8,24.8,54.895,50.4,100,100,99.37888199,100,1,1,1,55.85349337,99.84717451
428,38.18723869,22.95081967,22.22222222,0,30,35.8,88.2,37.1,56.369,50.5,0,0,37.5,22.22222222,0,0,0,31.96139501,51.47058824
429,48.03838532,33.33333333,39.28571429,0,41,37.7,94.8,23.3,48.291,49.9,0,100,28.57142857,33.33333333,0,0,0,35.85858437,7.142857143
430,30.00604577,18.18181818,11.11111111,0,24,31.6,52.4,22.4,34.273,51.8,0,0,20,25,0,0,0,25.56194707,1.923076923
431,71.70128264,100,100,1,58,41.3,92.6,40.1,68.233,51.1,0,100,0,100,0,0,0,67.87586121,50
432,70.70722269,100,100,1,49,40.7,93.5,21.3,50.616,49.6,0,0,0,100,0,0,0,62.17913579,91.66666667
433,53.97708994,77.43190661,80.37383178,0,43,42.7,94,19.4,45.297,49.5,66.66666667,76,88.70967742,66,0,0.666666667,0,56.15125096,93.15068493
434,54.82630481,48.62385321,48.68421053,0,45,40.6,91.3,22.3,49.962,50.1,0,12.5,60.71428571,47.22222222,0,0,0,55.99544995,50
435,74.20489322,73.68421053,75,1,65,36.8,90.7,24.7,56.322,49.1,100,100,16.66666667,100,1,0,0,74.30063609,60
